slope,intercept
266.33525528933166,5749.778318143174