kpc_r,error vcirc kms
0.386908117,1500000.0
1.221815106875,1500000.0
2.0363585118125,1500000.0
2.85090191675,1500000.0
3.6858089066249997,1500000.0
4.5207158965000005,1500000.0
5.3352593014375005,1500000.0
6.1701662913125,1500000.0
6.9847096951875,1500000.0
7.8196166850625,1500000.0
8.63416009,1500000.0
9.469067079875,1500000.0
10.2836104848125,1500000.0
