slope,intercept
280.1606531283593,4794.905648749489